numero,codigo,nombre,grupo,descripcion
1,"00",ANULADO,C20_estado_tramite,ANULADO
2,"01","PARA TRAMITAR",C20_estado_tramite,"PARA TRAMITAR"
3,"02","ENVIADO A LEGAL",C20_estado_tramite,"ENVIADO A LEGAL"
4,"03","RECIBIDO EN LEGAL",C20_estado_tramite,"RECIBIDO EN LEGAL"
5,"04","ASIGNADO A ESTUDIO",C20_estado_tramite,"ASIGNADO A ESTUDIO"
6,"05","DEVUELTO AL USUARIO",C20_estado_tramite,"DEVUELTO AL USUARIO"
7,"06","ENTREGADO AL USUARIO",C20_estado_tramite,"ENTREGADO AL USUARIO"
8,"07","ENVIADO A SEDE",C20_estado_tramite,"ENVIADO A SEDE"
9,"08","RECIBIDO EN SEDE",C20_estado_tramite,"RECIBIDO EN SEDE"
10,"09",REINGRESADO,C20_estado_tramite,REINGRESADO
11,"11",INSCRITO,C20_estado_tramite,INSCRITO
12,"13","ENVIADO A REGISTRO",C20_estado_tramite,"ENVIADO A REGISTRO"
13,"15","ENVIADO A ARCHIVO",C20_estado_tramite,"ENVIADO A ARCHIVO"
14,"16",ARCHIVADO,C20_estado_tramite,ARCHIVADO
15,"18","NOTICIA ADICIONAL O ACLARATORIA",C20_estado_tramite,"NOTICIA ADICIONAL O ACLARATORIA"
16,"19","RECIBIDO EN REGISTRO",C20_estado_tramite,"RECIBIDO EN REGISTRO"
17,"23","ASIGNADO A DIGITADOR",C20_estado_tramite,"ASIGNADO A DIGITADOR"
18,"33","RADICACION MANUAL",C20_estado_tramite,"RADICACION MANUAL"
19,"10","ENVIADO A SISTEMAS",C20_estado_tramite,"ENVIADO A SISTEMAS"
20,"12","DEVUELTO A LEGAL",C20_estado_tramite,"DEVUELTO A LEGAL"
21,"34",RADICADO,C20_estado_tramite,RADICADO
22,"14","ENVIADO A AUTORIDAD COMPETENTE",C20_estado_tramite,"ENVIADO A AUTORIDAD COMPETENTE"
23,"20",TRAMITADO,C20_estado_tramite,TRAMITADO
24,"21","SOLICITUD ENTREGADA",C20_estado_tramite,"SOLICITUD ENTREGADA"
25,"22","ASIGNADO A VENTANILLA",C20_estado_tramite,"ASIGNADO A VENTANILLA"
26,"24","ASIGNADO A CERTIFICADOR",C20_estado_tramite,"ASIGNADO A CERTIFICADOR"
27,"25","ENVIADO PARA REVISION",C20_estado_tramite,"ENVIADO PARA REVISION"
28,"26","CORREGIR CERTIFICADO",C20_estado_tramite,"CORREGIR CERTIFICADO"
29,"27","TRAMITE REVISADO",C20_estado_tramite,"TRAMITE REVISADO"
30,"28","TRAMITE ENTREGADO PARA REINGRESO DE PUBLICACION",C20_estado_tramite,"TRAMITE ENTREGADO PARA REINGRESO DE PUBLICACION"
31,"29","PUBLICACION INGRESADA",C20_estado_tramite,"PUBLICACION INGRESADA"
32,"30","PUBLICACION OBSERVADA",C20_estado_tramite,"PUBLICACION OBSERVADA"
33,"35","RECIBIDO EN LEGAL PARA REVISION",C20_estado_tramite,"RECIBIDO EN LEGAL PARA REVISION"
34,"36","ASIGNADO PARA REVISION",C20_estado_tramite,"ASIGNADO PARA REVISION"
35,"37","CERTIFICADO CONFORME",C20_estado_tramite,"CERTIFICADO CONFORME"
36,"38","ENVIADO PARA FIRMA",C20_estado_tramite,"ENVIADO PARA FIRMA"
37,"39","ENVIADO A ESTADISTICAS",C20_estado_tramite,"ENVIADO A ESTADISTICAS"
38,"17","ENVIADO PARA PROCESO DE FOTOCOPIAS",C20_estado_tramite,"ENVIADO PARA PROCESO DE FOTOCOPIAS"
39,"40","TRAMITE PUBLICADO EN LA GACETA",C20_estado_tramite,"TRAMITE PUBLICADO EN LA GACETA"
40,"41","PUBLICAR PROYECTO DE DISTRIBUCION",C20_estado_tramite,"PUBLICAR PROYECTO DE DISTRIBUCION"
41,"42","PUBLICAR EN GACETA ELECTRONICA",C20_estado_tramite,"PUBLICAR EN GACETA ELECTRONICA"
42,"43","PROYECTO DE DISTRIBUCION PUBLICADO",C20_estado_tramite,"PROYECTO DE DISTRIBUCION PUBLICADO"
43,"44","TRAMITE DIGITALIZADO",C20_estado_tramite,"TRAMITE DIGITALIZADO"
44,"45","TRAMITE FOLIADO",C20_estado_tramite,"TRAMITE FOLIADO"
45,"46","NULIDAD DE REGISTRO",C20_estado_tramite,"NULIDAD DE REGISTRO"
46,1,EFECTIVO,C27_forma_pago,EFECTIVO
47,2,CHEQUES,C27_forma_pago,CHEQUES
48,3,"TARJETA DE CREDITO",C27_forma_pago,"TARJETA DE CREDITO"
49,4,"TARJETA DEBITO",C27_forma_pago,"TARJETA DEBITO"
50,5,"PAGO A CREDITO",C27_forma_pago,"PAGO A CREDITO"
51,6,"CUPON DE DESCUENTO",C27_forma_pago,"CUPON DE DESCUENTO"
52,7,"DEPOSITO BANCARIO",C27_forma_pago,"DEPOSITO BANCARIO"
53,0,VIGENTE,C38_estado_anulacion,VIGENTE
54,1,ANULADO,C38_estado_anulacion,ANULADO
55,0,"NO VISIBLE",C39_estado_publicacion,"NO VISIBLE"
56,1,PUBLICADO,C39_estado_publicacion,PUBLICADO
57,2,"ESPERANDO PAGO",C39_estado_publicacion,"ESPERANDO PAGO"
58,3,"SIN PUBLICAR",C39_estado_publicacion,"SIN PUBLICAR"
59,1,INSTRUMENTO,C40_tipo_publicacion,INSTRUMENTO
60,2,"CONVOCATORIAS Y AVISOS",C40_tipo_publicacion,"CONVOCATORIAS Y AVISOS"
61,3,MEMORIAS,C40_tipo_publicacion,MEMORIAS
62,4,BALANCES,C40_tipo_publicacion,BALANCES
63,1001,"AUMENTO DE CAPITAL SOCIAL",C41_cod_tipo_publicacion,"AUMENTO DE CAPITAL SOCIAL"
64,1002,"CONSTITUCIN DE SOCIEDAD COMERCIAL S.A. SOCIEDAD EN COMANDITA POR ACCIONES",C41_cod_tipo_publicacion,"CONSTITUCIN DE SOCIEDAD COMERCIAL S.A. SOCIEDAD EN COMANDITA POR ACCIONES"
65,1003,"CONSTITUCIN DE SOCIEDAD COMERCIAL S.R.L. SOCIEDAD COLECTIVA O SOCIEDAD EN COMANDITA SIMPLE",C41_cod_tipo_publicacion,"CONSTITUCIN DE SOCIEDAD COMERCIAL S.R.L. SOCIEDAD COLECTIVA O SOCIEDAD EN COMANDITA SIMPLE"
66,1004,"CONSTITUCIN DE SOCIEDAD CONSTITUIDA EN EL EXTRANJERO",C41_cod_tipo_publicacion,"CONSTITUCIN DE SOCIEDAD CONSTITUIDA EN EL EXTRANJERO"
67,1005,"CONSTITUCIN DE SOCIEDAD DE ECONOMA MIXTA",C41_cod_tipo_publicacion,"CONSTITUCIN DE SOCIEDAD DE ECONOMA MIXTA"
68,1006,"DISOLUCIN Y LIQUIDACIN DE SOCIEDAD COMERCIAL",C41_cod_tipo_publicacion,"DISOLUCIN Y LIQUIDACIN DE SOCIEDAD COMERCIAL"
69,1007,ESCISION,C41_cod_tipo_publicacion,ESCISION
70,1008,"FUSION DE SOCIEDADES",C41_cod_tipo_publicacion,"FUSION DE SOCIEDADES"
71,1009,"MODIFICACIN, ACLARACIN Y/O COMPLEMENTACIN DE LA CONSTITUCIN DE LA CONSTITUCIN DE SOCIEDAD COMERCIAL",C41_cod_tipo_publicacion,"MODIFICACIN, ACLARACIN Y/O COMPLEMENTACIN DE LA CONSTITUCIN DE LA CONSTITUCIN DE SOCIEDAD COMERCIAL"
72,1010,"REDUCCION DE CAPITAL",C41_cod_tipo_publicacion,"REDUCCION DE CAPITAL"
73,1011,"MODIFICACIN, ACLARACIN Y/O COMPLEMENTACIN DE LA CONSTITUCIN DE LA CONSTITUCIN DE SOCIEDAD COMERCIAL",C41_cod_tipo_publicacion,"MODIFICACIN, ACLARACIN Y/O COMPLEMENTACIN DE LA CONSTITUCIN DE LA CONSTITUCIN DE SOCIEDAD COMERCIAL"
74,1012,TRANSFORMACION,C41_cod_tipo_publicacion,TRANSFORMACION
75,1013,"CIERRE DE SUCURSAL O REPRESENTACION PERMANENTE DE SOCIEDAD EXTRANJERA",C41_cod_tipo_publicacion,"CIERRE DE SUCURSAL O REPRESENTACION PERMANENTE DE SOCIEDAD EXTRANJERA"
76,1014,"INSCRIPCION EMPRESA ESTATAL",C41_cod_tipo_publicacion,"INSCRIPCION EMPRESA ESTATAL"
77,1015,"INSCRIPCION EMPRESA ESTATAL MIXTA",C41_cod_tipo_publicacion,"INSCRIPCION EMPRESA ESTATAL MIXTA"
78,1016,"INSCRIPCION EMPRESA MIXTA",C41_cod_tipo_publicacion,"INSCRIPCION EMPRESA MIXTA"
79,1017,"INSCRIPCION EMPRESA ESTATAL INTERGUBERNAMENTAL",C41_cod_tipo_publicacion,"INSCRIPCION EMPRESA ESTATAL INTERGUBERNAMENTAL"
80,1018,"AUMENTO DE CAPITAL SUSCRITO Y/O PAGADO",C41_cod_tipo_publicacion,"AUMENTO DE CAPITAL SUSCRITO Y/O PAGADO"
81,1019,"DISOLUCION Y/O LIQUIDACION Y CONSIGUIENTE CANCELACION DE MAT RICULA DE COMERCIO",C41_cod_tipo_publicacion,"DISOLUCION Y/O LIQUIDACION Y CONSIGUIENTE CANCELACION DE MAT RICULA DE COMERCIO"
82,1020,"TRANSFERENCIA DE CUOTAS DE CAPITAL",C41_cod_tipo_publicacion,"TRANSFERENCIA DE CUOTAS DE CAPITAL"
83,2000,"CANCELACION ANTICIPADA DE TITULOS",C41_cod_tipo_publicacion,"CANCELACION ANTICIPADA DE TITULOS"
84,2001,"CONVOCATORIA A ASAMBLEA/JUNTA GENREAL",C41_cod_tipo_publicacion,"CONVOCATORIA A ASAMBLEA/JUNTA GENREAL"
85,2002,"NOTIFICACION DE CAMBIO DE DIRECCION",C41_cod_tipo_publicacion,"NOTIFICACION DE CAMBIO DE DIRECCION"
86,2003,"PROYECTO DE DISTRIBUCION DE PATRIMONIO",C41_cod_tipo_publicacion,"PROYECTO DE DISTRIBUCION DE PATRIMONIO"
87,2004,"REPOSICION DE TITULOS NOMINATIVOS",C41_cod_tipo_publicacion,"REPOSICION DE TITULOS NOMINATIVOS"
88,2005,"RESULTADO DEL SORTEO DE TITULOS VALORES",C41_cod_tipo_publicacion,"RESULTADO DEL SORTEO DE TITULOS VALORES"
89,2006,"TRANSFERENCIA DE EMPRESA",C41_cod_tipo_publicacion,"TRANSFERENCIA DE EMPRESA"
90,2007,"OFRECIMIENTO DE ACCIONES PARA EJERCICIO DE DERECHO PREFERENTE",C41_cod_tipo_publicacion,"OFRECIMIENTO DE ACCIONES PARA EJERCICIO DE DERECHO PREFERENTE"
91,2008,"Edicto de apertura de procedimiento de concurso preventivo",C41_cod_tipo_publicacion,"Edicto de apertura de procedimiento de concurso preventivo"
92,2009,"Edicto del auto de quiebra",C41_cod_tipo_publicacion,"Edicto del auto de quiebra"
93,2010,"Reapertura de quiebra",C41_cod_tipo_publicacion,"Reapertura de quiebra"
94,2011,"Resolución que admita el procedimiento del concurso preventivo o resolución que declara la quiebra de una sociedad comercial",C41_cod_tipo_publicacion,"Resolución que admita el procedimiento del concurso preventivo o resolución que declara la quiebra de una sociedad comercial"
95,2012,"Resolución que concede rehabilitación del quebrado",C41_cod_tipo_publicacion,"Resolución que concede rehabilitación del quebrado"
96,2013,"Solicitud de rehabilitación del quebrado",C41_cod_tipo_publicacion,"Solicitud de rehabilitación del quebrado"
97,3000,"MEMORIA ANUAL",C41_cod_tipo_publicacion,"MEMORIA ANUAL"
98,4000,"BALANCE PREVIO A LA EMSION DE BONOS",C41_cod_tipo_publicacion,"BALANCE PREVIO A LA EMSION DE BONOS"
99,"01000000","REGISTROS PUBLICOS",C42_codigo_servicio,"REGISTROS PUBLICOS"
100,"01010000",CERTIFICACIONES,C42_codigo_servicio,CERTIFICACIONES
101,"01010100","RESERVA DE RAZON SOCIAL",C42_codigo_servicio,"RESERVA DE RAZON SOCIAL"
102,"01010101","CONTROL DE HOMONIMIA O CONSULTA DE NOMBRE",C42_codigo_servicio,"CONTROL DE HOMONIMIA O CONSULTA DE NOMBRE"
103,"01010200","CERTIFICADOS NORMALES",C42_codigo_servicio,"CERTIFICADOS NORMALES"
104,"01010201","MATRICULA EN EL REGISTRO",C42_codigo_servicio,"MATRICULA EN EL REGISTRO"
105,"01010202",INSCRIPCION,C42_codigo_servicio,INSCRIPCION
106,"01010203",DISOLUCION/LIQUIDACION,C42_codigo_servicio,DISOLUCION/LIQUIDACION
107,"01010204","AUMENTO O DISMINUCION DE CAPITAL",C42_codigo_servicio,"AUMENTO O DISMINUCION DE CAPITAL"
108,"01010205","CAMBIO DE RAZON SOCIAL",C42_codigo_servicio,"CAMBIO DE RAZON SOCIAL"
109,"01010206","CAMBIO DE DOMICILIO",C42_codigo_servicio,"CAMBIO DE DOMICILIO"
110,"01010207","TRANSFERENCIAS DE CUOTAS DE CAPITAL",C42_codigo_servicio,"TRANSFERENCIAS DE CUOTAS DE CAPITAL"
111,"01010208","CAMBIO DE DIRECCION",C42_codigo_servicio,"CAMBIO DE DIRECCION"
112,"01010209","CAMBIO DE RUC",C42_codigo_servicio,"CAMBIO DE RUC"
113,"01010210","REGISTRO DE DOCUMENTOS",C42_codigo_servicio,"REGISTRO DE DOCUMENTOS"
114,"01010211","ACTUALIZACIONES ANTES DEL 1 DE MAYO DE 2005",C42_codigo_servicio,"ACTUALIZACIONES ANTES DEL 1 DE MAYO DE 2005"
115,"01010300","CERTIFICADOS ESPECIFICOS",C42_codigo_servicio,"CERTIFICADOS ESPECIFICOS"
116,"01010301","ESTRUCTURA DE LA EMPRESA",C42_codigo_servicio,"ESTRUCTURA DE LA EMPRESA"
117,"01010302","OBJETO DE LA EMPRESA",C42_codigo_servicio,"OBJETO DE LA EMPRESA"
118,"01010303","REPRESENTATE LEGAL",C42_codigo_servicio,"REPRESENTATE LEGAL"
119,"01010304","DOMICILIO DE LA EMPRESA",C42_codigo_servicio,"DOMICILIO DE LA EMPRESA"
120,"01010305","SOCIOS DE LA EMPRESA",C42_codigo_servicio,"SOCIOS DE LA EMPRESA"
121,"01010307","CERTIFICADO ESPECIFICO",C42_codigo_servicio,"CERTIFICADO ESPECIFICO"
122,"01010308","CERTIFICADO DE TRADICION COMERCIAL",C42_codigo_servicio,"CERTIFICADO DE TRADICION COMERCIAL"
123,"01010309","CERTIFICADO DE NO MATRICULADOS",C42_codigo_servicio,"CERTIFICADO DE NO MATRICULADOS"
124,"01010400","CERTIFICADO DE NO INSCRIPCION.",C42_codigo_servicio,"CERTIFICADO DE NO INSCRIPCION."
125,"01010401","CERTIFICADO DE NO INSCRIPCION - ESPECIAL",C42_codigo_servicio,"CERTIFICADO DE NO INSCRIPCION - ESPECIAL"
126,"01020000","MATRICULAS Y RENOVACIONES",C42_codigo_servicio,"MATRICULAS Y RENOVACIONES"
127,"01020100",MATRICULAS,C42_codigo_servicio,MATRICULAS
128,"01020101","INSCRIPCION DE COMERCIANTE INDIVIDUAL O EMPRESA UNIPERSONAL",C42_codigo_servicio,"INSCRIPCION DE COMERCIANTE INDIVIDUAL O EMPRESA UNIPERSONAL"
129,"01020200",RENOVACIONES,C42_codigo_servicio,RENOVACIONES
130,"01020201","ACTUALIZACION DE MATRICULA",C42_codigo_servicio,"ACTUALIZACION DE MATRICULA"
131,"01030000","INSCRIPCION DE DOCUMENTOS",C42_codigo_servicio,"INSCRIPCION DE DOCUMENTOS"
132,"01030001","INSCRIPCION DE SOCIEDAD DE RESPONSABILIDAD LIMITADA(S.R.L.), SOCIEDAD COLECTIVA O SOCIEDAD EN COMANDITA SIMPLE",C42_codigo_servicio,"INSCRIPCION DE SOCIEDAD DE RESPONSABILIDAD LIMITADA(S.R.L.), SOCIEDAD COLECTIVA O SOCIEDAD EN COMANDITA SIMPLE"
133,"01030002","SOCIEDAD ANONIMA (S.A.) O SOCIEDAD EN COMANDITA POR ACCIONES CONSTITUIDAS POR ACTO UNICO/POR SUSCRIPCION PUB.DE ACCIONES",C42_codigo_servicio,"SOCIEDAD ANONIMA (S.A.) O SOCIEDAD EN COMANDITA POR ACCIONES CONSTITUIDAS POR ACTO UNICO/POR SUSCRIPCION PUB.DE ACCIONES"
134,"01030003","INSCRIPCION DE SOCIEDADES CONSTITUIDAS EN EL EXTERANJERO",C42_codigo_servicio,"INSCRIPCION DE SOCIEDADES CONSTITUIDAS EN EL EXTERANJERO"
135,"01030004",TRANSFORMACION,C42_codigo_servicio,TRANSFORMACION
136,"01030005","FUSION DE SOCIEDADES",C42_codigo_servicio,"FUSION DE SOCIEDADES"
137,"01030006","APERTURA DE SUCURSAL DE SOCIEDAD COMERCIAL Y EMPRESA UNIPER SONAL CONSTITUIDAS EN BOLIVIA/APERTURA DE AGENCIA DE ENTIDAD",C42_codigo_servicio,"APERTURA DE SUCURSAL DE SOCIEDAD COMERCIAL Y EMPRESA UNIPER SONAL CONSTITUIDAS EN BOLIVIA/APERTURA DE AGENCIA DE ENTIDAD"
138,"01030007","MODIFICACION, ACLARACION Y/O COMPLEMENTACION DE LA ESCRITURA CONSTITUCION Y/O ESTATUTOS",C42_codigo_servicio,"MODIFICACION, ACLARACION Y/O COMPLEMENTACION DE LA ESCRITURA CONSTITUCION Y/O ESTATUTOS"
139,"01030008","AUMENTO DE CAPITAL",C42_codigo_servicio,"AUMENTO DE CAPITAL"
140,"01030009","CAMBIOS DE RAZON SOCIAL",C42_codigo_servicio,"CAMBIOS DE RAZON SOCIAL"
141,"01030010","CAMBIOS DE DOMICILIO",C42_codigo_servicio,"CAMBIOS DE DOMICILIO"
142,"01030011","TRANSFERENCIA DE CUOTAS DE CAPITAL DE SOCIEDADES DE RESPONSA BILIDAD LIMITADA",C42_codigo_servicio,"TRANSFERENCIA DE CUOTAS DE CAPITAL DE SOCIEDADES DE RESPONSA BILIDAD LIMITADA"
143,"01030012","DECLARACION DE QUIEBRA O AUTO DE REVOCATORIA",C42_codigo_servicio,"DECLARACION DE QUIEBRA O AUTO DE REVOCATORIA"
144,"01030013","DESIGNACION DE REPRESENTANTES LEGALES",C42_codigo_servicio,"DESIGNACION DE REPRESENTANTES LEGALES"
145,"01030014","LIQUIDACION DE SOCIEDAD CONYUGAL",C42_codigo_servicio,"LIQUIDACION DE SOCIEDAD CONYUGAL"
146,"01030015","REGISTRO DE ACTA",C42_codigo_servicio,"REGISTRO DE ACTA"
147,"01030016","REGISTRO DE GRAVAMEN, MODIFICACION Y/O CANCELACION",C42_codigo_servicio,"REGISTRO DE GRAVAMEN, MODIFICACION Y/O CANCELACION"
148,"01030017","REGISTRO DE MEMORIA ANUAL",C42_codigo_servicio,"REGISTRO DE MEMORIA ANUAL"
149,"01030018","REGISTRO DE OTORGACION DE PODER Y/O DE REVOCATORIA",C42_codigo_servicio,"REGISTRO DE OTORGACION DE PODER Y/O DE REVOCATORIA"
150,"01030019","REGISTRO DE ANOTACION PREVENTIVA, EMBARGO E HIPOTECA",C42_codigo_servicio,"REGISTRO DE ANOTACION PREVENTIVA, EMBARGO E HIPOTECA"
151,"01030020","REGISTRO DE RESOLUCION JUDICIAL DE INTERDICCION",C42_codigo_servicio,"REGISTRO DE RESOLUCION JUDICIAL DE INTERDICCION"
152,"01030021","REGISTRO DE CONTRATOS COMERCIALES",C42_codigo_servicio,"REGISTRO DE CONTRATOS COMERCIALES"
153,"01030022","REVOCATORIAS DE PODER",C42_codigo_servicio,"REVOCATORIAS DE PODER"
154,"01030023","CANCELACION DE MATRICULA DE COMERCIO DE EMPRESA UNIPERSONAL O COMERCIANTE INDIVIDUAL",C42_codigo_servicio,"CANCELACION DE MATRICULA DE COMERCIO DE EMPRESA UNIPERSONAL O COMERCIANTE INDIVIDUAL"
155,"01030024","DISOLUCION Y/O LIQUIDACION Y CONSIGUIENTE CANCELACION DE MAT RICULA DE COMERCIO",C42_codigo_servicio,"DISOLUCION Y/O LIQUIDACION Y CONSIGUIENTE CANCELACION DE MAT RICULA DE COMERCIO"
156,"01030025","EMISION DE BONOS",C42_codigo_servicio,"EMISION DE BONOS"
157,"01030026","EMANCIPACION Y HABILITACIONES",C42_codigo_servicio,"EMANCIPACION Y HABILITACIONES"
158,"01030027","CONCURSO PREVENTIVO",C42_codigo_servicio,"CONCURSO PREVENTIVO"
159,"01030028","CONSTITUCION Y CANCELACION DE FIANZA DE SINDICOS Y DIRECTORE S",C42_codigo_servicio,"CONSTITUCION Y CANCELACION DE FIANZA DE SINDICOS Y DIRECTORE S"
160,"01030029","POSESION EN CARGO PUBLICO QUE INHABILITE EL EJERCICIO DEL CO MERCIO",C42_codigo_servicio,"POSESION EN CARGO PUBLICO QUE INHABILITE EL EJERCICIO DEL CO MERCIO"
161,"01030030","TRANSFERENCIA DE EMPRESA UNIPERSONAL",C42_codigo_servicio,"TRANSFERENCIA DE EMPRESA UNIPERSONAL"
162,"01030031","REGISTRO DE AUXILIARES DE COMERCIO",C42_codigo_servicio,"REGISTRO DE AUXILIARES DE COMERCIO"
163,"01030032","CESACION DE PAGOS",C42_codigo_servicio,"CESACION DE PAGOS"
164,"01030033","REGISTRO DE ACTOS AISLADOS U OCASIONALES DE COMERCIO",C42_codigo_servicio,"REGISTRO DE ACTOS AISLADOS U OCASIONALES DE COMERCIO"
165,"01030034","REGISTRO DE RESOLUCION ADMINISTRATIVA",C42_codigo_servicio,"REGISTRO DE RESOLUCION ADMINISTRATIVA"
166,"01030035","CAMBIOS OPERATIVOS",C42_codigo_servicio,"CAMBIOS OPERATIVOS"
167,"01030036","REGISTRO DE OTROS DOCUMENTOS COMERCIALES",C42_codigo_servicio,"REGISTRO DE OTROS DOCUMENTOS COMERCIALES"
168,"01030037","REGISTRO DEL PROGRAMA DE FUNDACION DE SOCIEDAD ANÃ³NIMA, A CO NSTITUIRSE POR SUSCRIPCION PUBLICA",C42_codigo_servicio,"REGISTRO DEL PROGRAMA DE FUNDACION DE SOCIEDAD ANÃ³NIMA, A CO NSTITUIRSE POR SUSCRIPCION PUBLICA"
169,"01030038","REGISTRO DE TITULOS-VALORES DE SOCIEDAD COMERCIAL",C42_codigo_servicio,"REGISTRO DE TITULOS-VALORES DE SOCIEDAD COMERCIAL"
170,"01030039","CIERRE DE SUCURSAL O REPRESENTACION PERMANENTE DE SOCIEDAD C ONSTITUIDA EN EL EXTRANJERO",C42_codigo_servicio,"CIERRE DE SUCURSAL O REPRESENTACION PERMANENTE DE SOCIEDAD C ONSTITUIDA EN EL EXTRANJERO"
171,"01030040","CIERRE DE SUCURSAL DE SOCIEDAD COMERCIAL Y EMPRESA UNIPERSON AL CONSTITUIDAS EN BOLIVIA/CIERRE DE AGENCIA DE ENT.FINAN.",C42_codigo_servicio,"CIERRE DE SUCURSAL DE SOCIEDAD COMERCIAL Y EMPRESA UNIPERSON AL CONSTITUIDAS EN BOLIVIA/CIERRE DE AGENCIA DE ENT.FINAN."
172,"01030041","DISMINUCION DE CAPITAL",C42_codigo_servicio,"DISMINUCION DE CAPITAL"
173,"01030042","RESOLUCIONES JUDICIALES, DEMANDAS Y/O CANCELACIONES",C42_codigo_servicio,"RESOLUCIONES JUDICIALES, DEMANDAS Y/O CANCELACIONES"
174,"01030043","REGISTRO DE DECLARACION DE INCAPACIDAD PARA EL EJERCICIO DE L COMERCIO",C42_codigo_servicio,"REGISTRO DE DECLARACION DE INCAPACIDAD PARA EL EJERCICIO DE L COMERCIO"
175,"01030044","ESCISION DE SOCIEDADES",C42_codigo_servicio,"ESCISION DE SOCIEDADES"
176,"01030045","INSCRIPCION DE ENTIDAD FINANCIERA DE VIVIENDA (E.F.V.)",C42_codigo_servicio,"INSCRIPCION DE ENTIDAD FINANCIERA DE VIVIENDA (E.F.V.)"
177,"01030046","INSCRIPCION EMPRESA ESTATAL",C42_codigo_servicio,"INSCRIPCION EMPRESA ESTATAL"
178,"01030047","INSCRIPCION EMPRESA ESTATAL MIXTA",C42_codigo_servicio,"INSCRIPCION EMPRESA ESTATAL MIXTA"
179,"01030048","INSCRIPCION EMPRESA MIXTA",C42_codigo_servicio,"INSCRIPCION EMPRESA MIXTA"
180,"01030049","INSCRIPCION EMPRESA ESTATAL INTERGUBERNAMENTAL",C42_codigo_servicio,"INSCRIPCION EMPRESA ESTATAL INTERGUBERNAMENTAL"
181,"01040000","OTROS SERVICIOS DEL REGISTRO",C42_codigo_servicio,"OTROS SERVICIOS DEL REGISTRO"
182,"01040001","CAMBIOS DE DIRECCION",C42_codigo_servicio,"CAMBIOS DE DIRECCION"
183,"01040002","CAMBIOS DE RUC",C42_codigo_servicio,"CAMBIOS DE RUC"
184,"01040003","CAMBIOS DE SISTEMA CONTABLE",C42_codigo_servicio,"CAMBIOS DE SISTEMA CONTABLE"
185,"01040004","MEMORIAL O SOLICITUD",C42_codigo_servicio,"MEMORIAL O SOLICITUD"
186,"01050000","RESELLADOS Y LEGALIZACIONES",C42_codigo_servicio,"RESELLADOS Y LEGALIZACIONES"
187,"01050001","RESELLADO DE DOCUMENTO REGISTRADO",C42_codigo_servicio,"RESELLADO DE DOCUMENTO REGISTRADO"
188,"01050002","LEGALIZACION DE DOCUMENTOS",C42_codigo_servicio,"LEGALIZACION DE DOCUMENTOS"
189,"01050003","REGISTRO DE TESTIMONIOS",C42_codigo_servicio,"REGISTRO DE TESTIMONIOS"
190,"01060000","PUBLICACIONES EN GACETA ELECTRONICA",C42_codigo_servicio,"PUBLICACIONES EN GACETA ELECTRONICA"
191,"01060101","PUBLICACION DE INSTRUMENTOS",C42_codigo_servicio,"PUBLICACION DE INSTRUMENTOS"
192,"01060102","PUBLICACION DE TRANSFERENCIAS Y CAMBIOS DE DOMICILIO",C42_codigo_servicio,"PUBLICACION DE TRANSFERENCIAS Y CAMBIOS DE DOMICILIO"
193,"01060103","CONVOCATORIAS Y AVISOS",C42_codigo_servicio,"CONVOCATORIAS Y AVISOS"
194,"01060104","PUBLICACION DE LA MEMORIA ANUAL",C42_codigo_servicio,"PUBLICACION DE LA MEMORIA ANUAL"
195,"01060105","PUBLICACION DE BALANCE PARA LA EMISION DE BONOS",C42_codigo_servicio,"PUBLICACION DE BALANCE PARA LA EMISION DE BONOS"
196,"02000000","SERVICIOS PRIVADOS",C42_codigo_servicio,"SERVICIOS PRIVADOS"
197,"04000000","SERVICIOS FINANCIEROS",C42_codigo_servicio,"SERVICIOS FINANCIEROS"
198,"04010000","DEUDORES VARIOS",C42_codigo_servicio,"DEUDORES VARIOS"
199,"04010001","DEUDORES DEL REGISTRO MERCANTIL",C42_codigo_servicio,"DEUDORES DEL REGISTRO MERCANTIL"
200,"04020000","ACREEDORES VARIOS",C42_codigo_servicio,"ACREEDORES VARIOS"
201,"04020001","ACREEDORES VARIOS",C42_codigo_servicio,"ACREEDORES VARIOS"
202,"04060000","OTROS SERVICIOS FINANCIEROS",C42_codigo_servicio,"OTROS SERVICIOS FINANCIEROS"
203,"04060001","SOBRANTE EN CAJA",C42_codigo_servicio,"SOBRANTE EN CAJA"
204,"04060002","FALTANTES DE CAJA",C42_codigo_servicio,"FALTANTES DE CAJA"
205,"06000000","SERVICIOS EMPRESARIALES",C42_codigo_servicio,"SERVICIOS EMPRESARIALES"
206,"06030000","SERVICIOS EMPRESARIALES",C42_codigo_servicio,"SERVICIOS EMPRESARIALES"
207,"06030001","ABONO A CONEXION REMOTA",C42_codigo_servicio,"ABONO A CONEXION REMOTA"
208,"07000000","SERVICIOS WEB",C42_codigo_servicio,"SERVICIOS WEB"
209,"07010000",CONSULTAS,C42_codigo_servicio,CONSULTAS
210,"07010101","INFORMACION GENERAL",C42_codigo_servicio,"INFORMACION GENERAL"
211,"07010201","CONSTITUCIONES Y MODIFICACIONES",C42_codigo_servicio,"CONSTITUCIONES Y MODIFICACIONES"
212,"07010301","CONSULTA GENERAL DE REPRESENTANTES",C42_codigo_servicio,"CONSULTA GENERAL DE REPRESENTANTES"
213,"07010302","CONSULTA REGISTRO DE UN REPRESENTANTE",C42_codigo_servicio,"CONSULTA REGISTRO DE UN REPRESENTANTE"
214,"07010401","CONSULTA GENERAL DE SOCIOS",C42_codigo_servicio,"CONSULTA GENERAL DE SOCIOS"
215,"07010402","CONSULTA REGISTRO DE SOCIOS",C42_codigo_servicio,"CONSULTA REGISTRO DE SOCIOS"
216,"07010501","CONSULTA GENERAL DIRECTORES",C42_codigo_servicio,"CONSULTA GENERAL DIRECTORES"
217,"07010502","CONSULTA REGISTRO DIRECTORES",C42_codigo_servicio,"CONSULTA REGISTRO DIRECTORES"
218,"07010601","CONSULTA GENERAL SINDICOS",C42_codigo_servicio,"CONSULTA GENERAL SINDICOS"
219,"07010602","CONSULTA REGISTRO DE SINDICOS",C42_codigo_servicio,"CONSULTA REGISTRO DE SINDICOS"
220,"07010603","CONSULTA BASICA DE EMPRESAS",C42_codigo_servicio,"CONSULTA BASICA DE EMPRESAS"
221,"07010701","CONSULTA ACTOS JUDICIALES",C42_codigo_servicio,"CONSULTA ACTOS JUDICIALES"
222,"07010801","CONSULTA OTROS ACTOS INSCRITOS",C42_codigo_servicio,"CONSULTA OTROS ACTOS INSCRITOS"
223,"07010901","CONSULTA GENERAL GRAVAMENES",C42_codigo_servicio,"CONSULTA GENERAL GRAVAMENES"
224,"07010902","CONSULTA REGISTRO DE GRAVAMENES",C42_codigo_servicio,"CONSULTA REGISTRO DE GRAVAMENES"
225,"07010903","CONSULTA BIENES GRAVAMENES",C42_codigo_servicio,"CONSULTA BIENES GRAVAMENES"
226,"07011001","CONSULTA ACTOS JURIDICOS GENERALES",C42_codigo_servicio,"CONSULTA ACTOS JURIDICOS GENERALES"
227,"07011002","CONSULTA ACTOS JURIDICOS REGISTROS",C42_codigo_servicio,"CONSULTA ACTOS JURIDICOS REGISTROS"
228,"07011101","CONSULTA IMAGENES",C42_codigo_servicio,"CONSULTA IMAGENES"
229,"07011201","CONSULTA FINANCIERA CAPITAL",C42_codigo_servicio,"CONSULTA FINANCIERA CAPITAL"
230,"07011202","CONSULTA FINANCIERA GESTIONES",C42_codigo_servicio,"CONSULTA FINANCIERA GESTIONES"
231,"07011203","CONSULTA FINANCIERA BALANCES",C42_codigo_servicio,"CONSULTA FINANCIERA BALANCES"
232,"07011204","INDICADORES FINANCIEROS",C42_codigo_servicio,"INDICADORES FINANCIEROS"
233,"07011205","EVOLUCION DEL ESTADO DE RESULTADOS",C42_codigo_servicio,"EVOLUCION DEL ESTADO DE RESULTADOS"
234,"07011301","CONSULTA GENERAL VINCULOS",C42_codigo_servicio,"CONSULTA GENERAL VINCULOS"
235,"07011302","CONSULTA VINCULOS ESPECIFICOS",C42_codigo_servicio,"CONSULTA VINCULOS ESPECIFICOS"
236,"07011303","CONSULTA DETALLE VINCULOS",C42_codigo_servicio,"CONSULTA DETALLE VINCULOS"
237,"07011401","CONSULTA HOMONIMIA",C42_codigo_servicio,"CONSULTA HOMONIMIA"
238,"07011402","CONSULTA ESTADO TRAMITES",C42_codigo_servicio,"CONSULTA ESTADO TRAMITES"
239,"07011403","CONSULTA GENERAL DE EMPRESAS",C42_codigo_servicio,"CONSULTA GENERAL DE EMPRESAS"
240,"07011404","CONSULTA BASICA EMPRESAS",C42_codigo_servicio,"CONSULTA BASICA EMPRESAS"
241,"07011405","CONSULTA ESTADO MATRICULA",C42_codigo_servicio,"CONSULTA ESTADO MATRICULA"
242,"07011406","CONSULTA GESTIONES ADEUDADAS",C42_codigo_servicio,"CONSULTA GESTIONES ADEUDADAS"
243,"07020000","CONSULTA GESTIONES ADEUDADAS",C42_codigo_servicio,"CONSULTA GESTIONES ADEUDADAS"
244,"07020101","CONSULTA GENERAL ESTADISTICAS",C42_codigo_servicio,"CONSULTA GENERAL ESTADISTICAS"
245,"07020102","CONSULTA ESTADISTICAS GRAFICAS BASICAS",C42_codigo_servicio,"CONSULTA ESTADISTICAS GRAFICAS BASICAS"
246,"07020103","CONSULTA ESTADISTICAS GRAFICAS CONPILADAS",C42_codigo_servicio,"CONSULTA ESTADISTICAS GRAFICAS CONPILADAS"
247,"07020104","CONSULTA ESTADISTICAS GRAFICAS COMPENDIO",C42_codigo_servicio,"CONSULTA ESTADISTICAS GRAFICAS COMPENDIO"
248,"07020105","BASE DATOS MUNICIPAL",C42_codigo_servicio,"BASE DATOS MUNICIPAL"
249,"07020106","BASE DATOS REGIONAL",C42_codigo_servicio,"BASE DATOS REGIONAL"
250,"07020107","BASE DATOS DEPARTAMENTAL",C42_codigo_servicio,"BASE DATOS DEPARTAMENTAL"
251,"07020108","BASE DATOS NACIONAL",C42_codigo_servicio,"BASE DATOS NACIONAL"
252,"07020201","SOLICITUD ESTADISCAS GRAFICAS BASICAS",C42_codigo_servicio,"SOLICITUD ESTADISCAS GRAFICAS BASICAS"
253,"07020202","SOLICICITUD ESTADISTICA GRAFICA COMPILADA",C42_codigo_servicio,"SOLICICITUD ESTADISTICA GRAFICA COMPILADA"
254,"07030000","CERTIFICACIONES WEB",C42_codigo_servicio,"CERTIFICACIONES WEB"
255,"07030101","CERTIFICADO DE MATRICULA",C42_codigo_servicio,"CERTIFICADO DE MATRICULA"
256,"07030102","CERTIFICADOS DE INSCRIPCION",C42_codigo_servicio,"CERTIFICADOS DE INSCRIPCION"
257,"07030103","CERTIFICADO DE REGISTRO DE DOCUMENTOS",C42_codigo_servicio,"CERTIFICADO DE REGISTRO DE DOCUMENTOS"
258,"07030104","CERTIFICADO DE ACTUALIZACION DE MATRICULA",C42_codigo_servicio,"CERTIFICADO DE ACTUALIZACION DE MATRICULA"
259,"07030105","SOLICITUD DE FOTOCOPIAS",C42_codigo_servicio,"SOLICITUD DE FOTOCOPIAS"
260,"07030106","SOLICITUD DE CERTIFICADO DE TRADICION COMERCIAL",C42_codigo_servicio,"SOLICITUD DE CERTIFICADO DE TRADICION COMERCIAL"
261,"07030107","SOLICITUD DE CERTIFICADO ESPECIFICO",C42_codigo_servicio,"SOLICITUD DE CERTIFICADO ESPECIFICO"
262,"07030108","SOLICITUD DE CERTIFICADO DE NO INSCRIPCION",C42_codigo_servicio,"SOLICITUD DE CERTIFICADO DE NO INSCRIPCION"
263,"07040000","TARJETAS PREPAGO",C42_codigo_servicio,"TARJETAS PREPAGO"
264,"07040101","TARJETAS VIRTUALES",C42_codigo_servicio,"TARJETAS VIRTUALES"
265,"07040201","TARJETA PREPAGO FISICA 20 BS",C42_codigo_servicio,"TARJETA PREPAGO FISICA 20 BS"
266,"07040202","TARJETA PREPAGO FISICA BS 50",C42_codigo_servicio,"TARJETA PREPAGO FISICA BS 50"
267,"07040203","TARJETA PREPAGO FISICA BS 100",C42_codigo_servicio,"TARJETA PREPAGO FISICA BS 100"
268,"07040204","TARJETA PREPAGO FISICA BS 500",C42_codigo_servicio,"TARJETA PREPAGO FISICA BS 500"
269,0,INACTIVO,C100_estado_registro,INACTIVO
270,1,ACTIVO,C100_estado_registro,ACTIVO
271,1,"CELULAR CIUDADANIA DIGITAL",C105_tipo_telefono,"CELULAR CIUDADANIA DIGITAL"
272,2,OTRO,C105_tipo_telefono,OTRO
273,1,"EMPRESA INDUSTRIAL",C106_gran_actividad,"EMPRESA INDUSTRIAL"
274,2,"AGRICOLA Y/O GANADERA",C106_gran_actividad,"AGRICOLA Y/O GANADERA"
275,3,AGROINDUSTRIALES,C106_gran_actividad,AGROINDUSTRIALES
276,4,MINERAS,C106_gran_actividad,MINERAS
277,5,"COMERCIO MAYORISTA",C106_gran_actividad,"COMERCIO MAYORISTA"
278,6,"COMERCIO MINORISTA",C106_gran_actividad,"COMERCIO MINORISTA"
279,7,SERVICIOS,C106_gran_actividad,SERVICIOS
280,8,PROFESIONALES,C106_gran_actividad,PROFESIONALES
281,9,"RESTAURANTES Y HOTELES",C106_gran_actividad,"RESTAURANTES Y HOTELES"
282,10,CONSTRUCCION,C106_gran_actividad,CONSTRUCCION
283,11,"SERV. TRANSPORTE,COMUNICACION Y/O ALMACENAMIENTO",C106_gran_actividad,"SERV. TRANSPORTE,COMUNICACION Y/O ALMACENAMIENTO"
284,12,"SERV.SOCIAL,EDUCACION,CIENTIFICOS Y/O INVEST.",C106_gran_actividad,"SERV.SOCIAL,EDUCACION,CIENTIFICOS Y/O INVEST."
285,13,"BANCOS, ENTIDADES FINANCIERAS Y/O SEGUROS",C106_gran_actividad,"BANCOS, ENTIDADES FINANCIERAS Y/O SEGUROS"
286,16,"BENEFICIADOR, FUNDIDOR, REFINADOR DE MINERAL Y/O METAL",C106_gran_actividad,"BENEFICIADOR, FUNDIDOR, REFINADOR DE MINERAL Y/O METAL"
287,14,"COMERCIALIZADOR, PROCESADOR DE MINERAL Y/O METAL",C106_gran_actividad,"COMERCIALIZADOR, PROCESADOR DE MINERAL Y/O METAL"
288,15,ESTATALES,C106_gran_actividad,ESTATALES
289,19,"ADMIN.PUB.Y DEFENSA, PLANES DE SEG.SOCIAL Y AFIL.OBLIGATORIA",C106_gran_actividad,"ADMIN.PUB.Y DEFENSA, PLANES DE SEG.SOCIAL Y AFIL.OBLIGATORIA"
290,1,PRINCIPAL,C107_tipo_actividad,PRINCIPAL
291,2,SECUNDARIA,C107_tipo_actividad,SECUNDARIA
292,1,CIIU,C108_tipo_clasificador_actividad,CIIU
293,2,CAEB,C108_tipo_clasificador_actividad,CAEB
294,1,"Cancelación de Matricula de Comercio","C110_Documentos Salida","Cancelación de Matricula de Comercio"
295,2,"Certificado de Actualización de Matrí­cula de Comercio","C110_Documentos Salida","Certificado de Actualización de Matrí­cula de Comercio"
296,3,"Certificado de Cierre de Agencia de Entidad Fianciera","C110_Documentos Salida","Certificado de Cierre de Agencia de Entidad Fianciera"
297,4,"Certificado de Cierre de Representación Permanente de Sociedad Comercial Constituia en el Extranjero","C110_Documentos Salida","Certificado de Cierre de Representación Permanente de Sociedad Comercial Constituia en el Extranjero"
298,5,"Certificado de Cierre de Sucursal de Sociedad Comercial","C110_Documentos Salida","Certificado de Cierre de Sucursal de Sociedad Comercial"
299,6,"Certificado de Cierre de Sucursal de Sociedad Comercial Constituida en el Extranjero","C110_Documentos Salida","Certificado de Cierre de Sucursal de Sociedad Comercial Constituida en el Extranjero"
300,7,"Certificado de Disolución de Sociedad Comercial","C110_Documentos Salida","Certificado de Disolución de Sociedad Comercial"
301,8,"Certificado de Disolución, Liquidación de Sociedad Comercial y Consiguiente Cancelación de Matrí­cula de Comercio","C110_Documentos Salida","Certificado de Disolución, Liquidación de Sociedad Comercial y Consiguiente Cancelación de Matrí­cula de Comercio"
302,9,"Certificado de Escisión","C110_Documentos Salida","Certificado de Escisión"
303,10,"Certificado de Fusión y Cancelación de Matrí­cula","C110_Documentos Salida","Certificado de Fusión y Cancelación de Matrí­cula"
304,11,"Certificado de Inscripción de Sociedad Comercial","C110_Documentos Salida","Certificado de Inscripción de Sociedad Comercial"
305,12,"Certificado de Liquidación de Sociedad Comercial y Consiguiente Cancelación de Matricula de Comerrcio","C110_Documentos Salida","Certificado de Liquidación de Sociedad Comercial y Consiguiente Cancelación de Matricula de Comerrcio"
306,13,"Certificado de No Inscripción","C110_Documentos Salida","Certificado de No Inscripción"
307,14,"Certificado de Regisgtro de Cancelación de Fianza","C110_Documentos Salida","Certificado de Regisgtro de Cancelación de Fianza"
308,15,"Certificado de Registro de Acta","C110_Documentos Salida","Certificado de Registro de Acta"
309,16,"Certificado de Registro de Acto Aislado u Ocasional de comercio","C110_Documentos Salida","Certificado de Registro de Acto Aislado u Ocasional de comercio"
310,17,"Certificado de Registro de Agencia de entidad financiera u Oficina de Entidad de Seguros","C110_Documentos Salida","Certificado de Registro de Agencia de entidad financiera u Oficina de Entidad de Seguros"
311,18,"Certificado de Registro de Anotación Preventiva","C110_Documentos Salida","Certificado de Registro de Anotación Preventiva"
312,19,"Certificado de Registro de Apertura de Sucursal de Sociedad comercial, empresa pública o empresa unipersonal","C110_Documentos Salida","Certificado de Registro de Apertura de Sucursal de Sociedad comercial, empresa pública o empresa unipersonal"
313,20,"Certificado de Registro de Auxiliar de Comercio","C110_Documentos Salida","Certificado de Registro de Auxiliar de Comercio"
314,21,"Certificado de Registro de Balance","C110_Documentos Salida","Certificado de Registro de Balance"
315,22,"Certificado de Registro de Cambios Operativos","C110_Documentos Salida","Certificado de Registro de Cambios Operativos"
316,23,"Certificado de Registro de Cancelación de Matrí­cula de Comercio de Comerciante Individual o Empresa Unipersonal","C110_Documentos Salida","Certificado de Registro de Cancelación de Matrí­cula de Comercio de Comerciante Individual o Empresa Unipersonal"
317,24,"Certificado de Registro de Contrato Comercial","C110_Documentos Salida","Certificado de Registro de Contrato Comercial"
318,25,"Certificado de Registro de Demanda Judicial","C110_Documentos Salida","Certificado de Registro de Demanda Judicial"
319,26,"Certificado de Registro de Documento Comercial","C110_Documentos Salida","Certificado de Registro de Documento Comercial"
320,27,"Certificado de Registro de Estatutos de Sociedad Comercial","C110_Documentos Salida","Certificado de Registro de Estatutos de Sociedad Comercial"
321,28,"Certificado de Registro de Fianza","C110_Documentos Salida","Certificado de Registro de Fianza"
322,29,"Certificado de Registro de Intrumento de Constitución","C110_Documentos Salida","Certificado de Registro de Intrumento de Constitución"
323,30,"Certificado de Registro de Mandato","C110_Documentos Salida","Certificado de Registro de Mandato"
324,31,"Certificado de Registro de Modificación","C110_Documentos Salida","Certificado de Registro de Modificación"
325,32,"Certificado de Registro de Posesión de Cargo Público","C110_Documentos Salida","Certificado de Registro de Posesión de Cargo Público"
326,33,"Certificado de Registro de Programa de Fundación de Sociedad Anónima o en Comandita por Acciones","C110_Documentos Salida","Certificado de Registro de Programa de Fundación de Sociedad Anónima o en Comandita por Acciones"
327,34,"Certificado de Registro de Resolución Judicial","C110_Documentos Salida","Certificado de Registro de Resolución Judicial"
328,35,"Certificado de Registro de Testimiono de Representación Permanente de Sociedad Constituida en el Extranjero","C110_Documentos Salida","Certificado de Registro de Testimiono de Representación Permanente de Sociedad Constituida en el Extranjero"
329,36,"Certificado de Registro de Testimonio de Apertura de Sucursal de Sociedad Constitudia en el Extranjero","C110_Documentos Salida","Certificado de Registro de Testimonio de Apertura de Sucursal de Sociedad Constitudia en el Extranjero"
330,37,"Certificado de Registro de Testimonio de Cancelación de Gravamen","C110_Documentos Salida","Certificado de Registro de Testimonio de Cancelación de Gravamen"
331,38,"Certificado de Registro de Testimonio de Constitución de Gravamen","C110_Documentos Salida","Certificado de Registro de Testimonio de Constitución de Gravamen"
332,39,"Certificado de Registro de Testimonio de Constitución de Sociedad","C110_Documentos Salida","Certificado de Registro de Testimonio de Constitución de Sociedad"
333,40,"Certificado de Registro de Testimonio de Emisión de Bonos","C110_Documentos Salida","Certificado de Registro de Testimonio de Emisión de Bonos"
334,41,"Certificado de Registro de Testimonio de Modificación de Gravamen","C110_Documentos Salida","Certificado de Registro de Testimonio de Modificación de Gravamen"
335,42,"Certificado de Registro de Testimonio de Otorgamiento de Poder","C110_Documentos Salida","Certificado de Registro de Testimonio de Otorgamiento de Poder"
336,43,"Certificado de Registro de Testimonio de Revocatoria de Poder","C110_Documentos Salida","Certificado de Registro de Testimonio de Revocatoria de Poder"
337,44,"Certificado de Registro de Testimonio de Revocatoria de Poder y Nuevo Otrogamiento","C110_Documentos Salida","Certificado de Registro de Testimonio de Revocatoria de Poder y Nuevo Otrogamiento"
338,45,"Certificado de Registro de Transferencia de Empresa Unipersonal","C110_Documentos Salida","Certificado de Registro de Transferencia de Empresa Unipersonal"
339,46,"Certificado de Resolución de Autorización de Cambio de Sistema Contable","C110_Documentos Salida","Certificado de Resolución de Autorización de Cambio de Sistema Contable"
340,47,"Certificado de Tradición Comercial","C110_Documentos Salida","Certificado de Tradición Comercial"
341,48,"Certificado de Transformación","C110_Documentos Salida","Certificado de Transformación"
342,49,"Certificado Especí­fico","C110_Documentos Salida","Certificado Especí­fico"
343,50,"Matricula de Comercio","C110_Documentos Salida","Matricula de Comercio"
344,51,"Respuesta a Memorial","C110_Documentos Salida","Respuesta a Memorial"
345,52,"Rótulo de Constancia de Registro Adherido","C110_Documentos Salida","Rótulo de Constancia de Registro Adherido"
346,53,"Rótulo de Legalización","C110_Documentos Salida","Rótulo de Legalización"
347,54,"Rótulo de Resellado en el documento presentado","C110_Documentos Salida","Rótulo de Resellado en el documento presentado"
348,55,"Testimonio de Constitución Social o Transformación de mutual de ahorro y prestamo","C110_Documentos Salida","Testimonio de Constitución Social o Transformación de mutual de ahorro y prestamo"
349,56,"Inscripción del Decreto Supremo de Autorización","C110_Documentos Salida","Inscripción del Decreto Supremo de Autorización"
